
INSERT INTO `provincias` (`id`, `nombre`) VALUES
(6, 'Buenos Aires'),
(10, 'Catamarca'),
(22, 'Chaco'),
(26, 'Chubut'),
(2, 'Ciudad Autónoma de Buenos Aires'),
(14, 'Córdoba'),
(18, 'Corrientes'),
(30, 'Entre Ríos'),
(34, 'Formosa'),
(38, 'Jujuy'),
(42, 'La Pampa'),
(46, 'La Rioja'),
(50, 'Mendoza'),
(54, 'Misiones'),
(58, 'Neuquén'),
(62, 'Río Negro'),
(66, 'Salta'),
(70, 'San Juan'),
(74, 'San Luis'),
(78, 'Santa Cruz'),
(82, 'Santa Fe'),
(86, 'Santiago del Estero'),
(94, 'Tierra del Fuego, Antártida e Islas del Atlántico Sur'),
(90, 'Tucumán');

INSERT INTO `ciudades` (`id`, `nombre`, `idProvincia`) VALUES
(2007, 'Comuna 1', 2),
(2014, 'Comuna 2', 2),
(2021, 'Comuna 3', 2),
(2028, 'Comuna 4', 2),
(2035, 'Comuna 5', 2),
(2042, 'Comuna 6', 2),
(2049, 'Comuna 7', 2),
(2056, 'Comuna 8', 2),
(2063, 'Comuna 9', 2),
(2070, 'Comuna 10', 2),
(2077, 'Comuna 11', 2),
(2084, 'Comuna 12', 2),
(2091, 'Comuna 13', 2),
(2098, 'Comuna 14', 2),
(2105, 'Comuna 15', 2),
(6007, 'Adolfo Alsina', 6),
(6014, 'Adolfo Gonzales Chaves', 6),
(6021, 'Alberti', 6),
(6028, 'Almirante Brown', 6),
(6035, 'Avellaneda', 6),
(6042, 'Ayacucho', 6),
(6049, 'Azul', 6),
(6056, 'Bahía Blanca', 6),
(6063, 'Balcarce', 6),
(6070, 'Baradero', 6),
(6077, 'Arrecifes', 6),
(6084, 'Benito Juárez', 6),
(6091, 'Berazategui', 6),
(6098, 'Berisso', 6),
(6105, 'Bolívar', 6),
(6112, 'Bragado', 6),
(6119, 'Brandsen', 6),
(6126, 'Campana', 6),
(6134, 'Cañuelas', 6),
(6140, 'Capitán Sarmiento', 6),
(6147, 'Carlos Casares', 6),
(6154, 'Carlos Tejedor', 6),
(6161, 'Carmen de Areco', 6),
(6168, 'Castelli', 6),
(6175, 'Colón', 6),
(6182, 'Coronel de Marina Leonardo Rosales', 6),
(6189, 'Coronel Dorrego', 6),
(6196, 'Coronel Pringles', 6),
(6203, 'Coronel Suárez', 6),
(6210, 'Chacabuco', 6),
(6217, 'Chascomús', 6),
(6224, 'Chivilcoy', 6),
(6231, 'Daireaux', 6),
(6238, 'Dolores', 6),
(6245, 'Ensenada', 6),
(6252, 'Escobar', 6),
(6260, 'Esteban Echeverría', 6),
(6266, 'Exaltación de la Cruz', 6),
(6270, 'José M. Ezeiza', 6),
(6274, 'Florencio Varela', 6),
(6277, 'Florentino Ameghino', 6),
(6280, 'General Alvarado', 6),
(6287, 'General Alvear', 6),
(6294, 'General Arenales', 6),
(6301, 'General Belgrano', 6),
(6308, 'General Guido', 6),
(6315, 'General Juan Madariaga', 6),
(6322, 'General La Madrid', 6),
(6329, 'General Las Heras', 6),
(6336, 'General Lavalle', 6),
(6343, 'General Paz', 6),
(6351, 'General Pinto', 6),
(6357, 'General Pueyrredón', 6),
(6364, 'General Rodríguez', 6),
(6371, 'Ciudad Libertador San Martín', 6),
(6385, 'General Viamonte', 6),
(6392, 'General Villegas', 6),
(6399, 'Guaminí', 6),
(6406, 'Hipólito Yrigoyen', 6),
(6408, 'Hurlingham', 6),
(6410, 'Ituzaingó', 6),
(6412, 'José C. Paz', 6),
(6413, 'Junín', 6),
(6420, 'La Costa', 6),
(6427, 'La Matanza', 6),
(6434, 'Lanús', 6),
(6441, 'La Plata', 6),
(6448, 'Laprida', 6),
(6455, 'Las Flores', 6),
(6462, 'Leandro N. Alem', 6),
(6466, 'Lezama', 6),
(6469, 'Lincoln', 6),
(6476, 'Lobería', 6),
(6483, 'Lobos', 6),
(6490, 'Lomas de Zamora', 6),
(6497, 'Luján', 6),
(6505, 'Magdalena', 6),
(6511, 'Maipú', 6),
(6515, 'Malvinas Argentinas', 6),
(6518, 'Mar Chiquita', 6),
(6525, 'Marcos Paz', 6),
(6532, 'Mercedes', 6),
(6539, 'Merlo', 6),
(6547, 'Monte', 6),
(6553, 'Monte Hermoso', 6),
(6560, 'Moreno', 6),
(6568, 'Morón', 6),
(6574, 'Navarro', 6),
(6581, 'Necochea', 6),
(6588, '9 de Julio', 6),
(6595, 'Olavarría', 6),
(6602, 'Patagones', 6),
(6609, 'Pehuajó', 6),
(6616, 'Pellegrini', 6),
(6623, 'Pergamino', 6),
(6630, 'Pila', 6),
(6638, 'Pilar', 6),
(6644, 'Pinamar', 6),
(6648, 'Presidente Perón', 6),
(6651, 'Puán', 6),
(6655, 'Punta Indio', 6),
(6658, 'Quilmes', 6),
(6665, 'Ramallo', 6),
(6672, 'Rauch', 6),
(6679, 'Rivadavia', 6),
(6686, 'Rojas', 6),
(6693, 'Roque Pérez', 6),
(6700, 'Saavedra', 6),
(6707, 'Saladillo', 6),
(6714, 'Salto', 6),
(6721, 'Salliqueló', 6),
(6728, 'San Andrés de Giles', 6),
(6735, 'San Antonio de Areco', 6),
(6742, 'San Cayetano', 6),
(6749, 'San Fernando', 6),
(6756, 'San Isidro', 6),
(6760, 'San Miguel', 6),
(6763, 'San Nicolás', 6),
(6770, 'San Pedro', 6),
(6778, 'San Vicente', 6),
(6784, 'Suipacha', 6),
(6791, 'Tandil', 6),
(6798, 'Tapalqué', 6),
(6805, 'Tigre', 6),
(6812, 'Tordillo', 6),
(6819, 'Tornquist', 6),
(6826, 'Trenque Lauquen', 6),
(6833, 'Tres Arroyos', 6),
(6840, 'Tres de Febrero', 6),
(6847, 'Tres Lomas', 6),
(6854, '25 de Mayo', 6),
(6861, 'Vicente López', 6),
(6868, 'Villa Gesell', 6),
(6875, 'Villarino', 6),
(6882, 'Zárate', 6),
(10007, 'Ambato', 10),
(10014, 'Ancasti', 10),
(10021, 'Andalgalá', 10),
(10028, 'Antofagasta de la Sierra', 10),
(10035, 'Belén', 10),
(10042, 'Capayán', 10),
(10049, 'Capital', 10),
(10056, 'El Alto', 10),
(10063, 'Fray Mamerto Esquiú', 10),
(10070, 'La Paz', 10),
(10077, 'Paclín', 10),
(10084, 'Pomán', 10),
(10091, 'Santa María', 10),
(10098, 'Santa Rosa', 10),
(10105, 'Tinogasta', 10),
(10112, 'Valle Viejo', 10),
(14007, 'Calamuchita', 14),
(14014, 'Capital', 14),
(14021, 'Colón', 14),
(14028, 'Cruz del Eje', 14),
(14035, 'General Roca', 14),
(14042, 'General San Martín', 14),
(14049, 'Ischilín', 14),
(14056, 'Juárez Celman', 14),
(14063, 'Marcos Juárez', 14),
(14070, 'Minas', 14),
(14077, 'Pocho', 14),
(14084, 'Presidente Roque Sáenz Peña', 14),
(14091, 'Punilla', 14),
(14098, 'Río Cuarto', 14),
(14105, 'Río Primero', 14),
(14112, 'Río Seco', 14),
(14119, 'Río Segundo', 14),
(14126, 'San Alberto', 14),
(14133, 'San Javier', 14),
(14140, 'San Justo', 14),
(14147, 'Santa María', 14),
(14154, 'Sobremonte', 14),
(14161, 'Tercero Arriba', 14),
(14168, 'Totoral', 14),
(14175, 'Tulumba', 14),
(14182, 'Unión', 14),
(18007, 'Bella Vista', 18),
(18014, 'Berón de Astrada', 18),
(18021, 'Capital', 18),
(18028, 'Concepción', 18),
(18035, 'Curuzu Cuatia', 18),
(18042, 'Empedrado', 18),
(18049, 'Esquina', 18),
(18056, 'General Alvear', 18),
(18063, 'General Paz', 18),
(18070, 'Goya', 18),
(18077, 'Itatí', 18),
(18084, 'Ituzaingó', 18),
(18091, 'Lavalle', 18),
(18098, 'Mburucuyá', 18),
(18105, 'Mercedes', 18),
(18112, 'Monte Caseros', 18),
(18119, 'Paso de los Libres', 18),
(18126, 'Saladas', 18),
(18133, 'San Cosme', 18),
(18140, 'San Luis del Palmar', 18),
(18147, 'San Martín', 18),
(18154, 'San Miguel', 18),
(18161, 'San Roque', 18),
(18168, 'Santo Tomé', 18),
(18175, 'Sauce', 18),
(22007, 'Almirante Brown', 22),
(22014, 'Bermejo', 22),
(22021, 'Comandante Fernández', 22),
(22028, 'Chacabuco', 22),
(22036, '12 de Octubre', 22),
(22039, '2 de Abril', 22),
(22043, 'Fray Justo Santa María de Oro', 22),
(22049, 'General Belgrano', 22),
(22056, 'General Donovan', 22),
(22063, 'General Güemes', 22),
(22070, 'Independencia', 22),
(22077, 'Libertad', 22),
(22084, 'Libertador General San Martín', 22),
(22091, 'Maipú', 22),
(22098, 'Mayor Luis J. Fontana', 22),
(22105, '9 de Julio', 22),
(22112, 'O\'Higgins', 22),
(22119, 'Presidencia de la Plaza', 22),
(22126, '1° de Mayo', 22),
(22133, 'Quitilipi', 22),
(22140, 'San Fernando', 22),
(22147, 'San Lorenzo', 22),
(22154, 'Sargento Cabral', 22),
(22161, 'Tapenagá', 22),
(22168, '25 de Mayo', 22),
(26007, 'Biedma', 26),
(26014, 'Cushamen', 26),
(26021, 'Escalante', 26),
(26028, 'Florentino Ameghino', 26),
(26035, 'Futaleufú', 26),
(26042, 'Gaiman', 26),
(26049, 'Gastre', 26),
(26056, 'Languiñeo', 26),
(26063, 'Mártires', 26),
(26070, 'Paso de Indios', 26),
(26077, 'Rawson', 26),
(26084, 'Río Senguer', 26),
(26091, 'Sarmiento', 26),
(26098, 'Tehuelches', 26),
(26105, 'Telsen', 26),
(30008, 'Colón', 30),
(30015, 'Concordia', 30),
(30021, 'Diamante', 30),
(30028, 'Federación', 30),
(30035, 'Federal', 30),
(30042, 'Feliciano', 30),
(30049, 'Gualeguay', 30),
(30056, 'Gualeguaychú', 30),
(30063, 'Islas del Ibicuy', 30),
(30070, 'La Paz', 30),
(30077, 'Nogoyá', 30),
(30084, 'Paraná', 30),
(30088, 'San Salvador', 30),
(30091, 'Tala', 30),
(30098, 'Uruguay', 30),
(30105, 'Victoria', 30),
(30113, 'Villaguay', 30),
(34007, 'Bermejo', 34),
(34014, 'Formosa', 34),
(34021, 'Laishí', 34),
(34028, 'Matacos', 34),
(34035, 'Patiño', 34),
(34042, 'Pilagás', 34),
(34049, 'Pilcomayo', 34),
(34056, 'Pirané', 34),
(34063, 'Ramón Lista', 34),
(38007, 'Cochinoca', 38),
(38014, 'El Carmen', 38),
(38021, 'Dr. Manuel Belgrano', 38),
(38028, 'Humahuaca', 38),
(38035, 'Ledesma', 38),
(38042, 'Palpalá', 38),
(38049, 'Rinconada', 38),
(38056, 'San Antonio', 38),
(38063, 'San Pedro', 38),
(38070, 'Santa Bárbara', 38),
(38077, 'Santa Catalina', 38),
(38084, 'Susques', 38),
(38094, 'Tilcara', 38),
(38098, 'Tumbaya', 38),
(38105, 'Valle Grande', 38),
(38112, 'Yaví', 38),
(42007, 'Atreucó', 42),
(42014, 'Caleu Caleu', 42),
(42021, 'Capital', 42),
(42028, 'Catriló', 42),
(42035, 'Conhelo', 42),
(42042, 'Curacó', 42),
(42049, 'Chalileo', 42),
(42056, 'Chapaleufú', 42),
(42063, 'Chical Co', 42),
(42070, 'Guatraché', 42),
(42077, 'Hucal', 42),
(42084, 'Lihuel Calel', 42),
(42091, 'Limay Mahuida', 42),
(42098, 'Loventué', 42),
(42105, 'Maracó', 42),
(42112, 'Puelén', 42),
(42119, 'Quemú Quemú', 42),
(42126, 'Rancul', 42),
(42133, 'Realicó', 42),
(42140, 'Toay', 42),
(42147, 'Trenel', 42),
(42154, 'Utracán', 42),
(46007, 'Arauco', 46),
(46014, 'Capital', 46),
(46021, 'Castro Barros', 46),
(46028, 'Coronel Felipe Varela', 46),
(46035, 'Chamical', 46),
(46042, 'Chilecito', 46),
(46049, 'Famatina', 46),
(46056, 'General Ángel V. Peñaloza', 46),
(46063, 'General Belgrano', 46),
(46070, 'General Juan F. Quiroga', 46),
(46077, 'General Lamadrid', 46),
(46084, 'General Ocampo', 46),
(46091, 'General San Martín', 46),
(46098, 'Vinchina', 46),
(46105, 'Independencia', 46),
(46112, 'Rosario Vera Peñaloza', 46),
(46119, 'San Blas de Los Sauces', 46),
(46126, 'Sanagasta', 46),
(50007, 'Capital', 50),
(50014, 'General Alvear', 50),
(50021, 'Godoy Cruz', 50),
(50028, 'Guaymallén', 50),
(50035, 'Junín', 50),
(50042, 'La Paz', 50),
(50049, 'Las Heras', 50),
(50056, 'Lavalle', 50),
(50063, 'Luján de Cuyo', 50),
(50070, 'Maipú', 50),
(50077, 'Malargüe', 50),
(50084, 'Rivadavia', 50),
(50091, 'San Carlos', 50),
(50098, 'San Martín', 50),
(50105, 'San Rafael', 50),
(50112, 'Santa Rosa', 50),
(50119, 'Tunuyán', 50),
(50126, 'Tupungato', 50),
(54007, 'Apóstoles', 54),
(54014, 'Cainguás', 54),
(54021, 'Candelaria', 54),
(54028, 'Capital', 54),
(54035, 'Concepción', 54),
(54042, 'Eldorado', 54),
(54049, 'General Manuel Belgrano', 54),
(54056, 'Guaraní', 54),
(54063, 'Iguazú', 54),
(54070, 'Leandro N. Alem', 54),
(54077, 'Libertador General San Martín', 54),
(54084, 'Montecarlo', 54),
(54091, 'Oberá', 54),
(54098, 'San Ignacio', 54),
(54105, 'San Javier', 54),
(54112, 'San Pedro', 54),
(54119, '25 de Mayo', 54),
(58007, 'Aluminé', 58),
(58014, 'Añelo', 58),
(58021, 'Catán Lil', 58),
(58028, 'Collón Curá', 58),
(58035, 'Confluencia', 58),
(58042, 'Chos Malal', 58),
(58049, 'Huiliches', 58),
(58056, 'Lácar', 58),
(58063, 'Loncopué', 58),
(58070, 'Los Lagos', 58),
(58077, 'Minas', 58),
(58084, 'Ñorquín', 58),
(58091, 'Pehuenches', 58),
(58098, 'Picún Leufú', 58),
(58105, 'Picunches', 58),
(58112, 'Zapala', 58),
(62007, 'Adolfo Alsina', 62),
(62014, 'Avellaneda', 62),
(62021, 'Bariloche', 62),
(62028, 'Conesa', 62),
(62035, 'El Cuy', 62),
(62042, 'General Roca', 62),
(62049, '9 de julio', 62),
(62056, 'Ñorquinco', 62),
(62063, 'Pichi Mahuida', 62),
(62070, 'Pilcaniyeu', 62),
(62077, 'San Antonio', 62),
(62084, 'Valcheta', 62),
(62091, '25 de Mayo', 62),
(66007, 'Anta', 66),
(66014, 'Cachi', 66),
(66021, 'Cafayate', 66),
(66028, 'Capital', 66),
(66035, 'Cerrillos', 66),
(66042, 'Chicoana', 66),
(66049, 'General Güemes', 66),
(66056, 'General José de San Martín', 66),
(66063, 'Guachipas', 66),
(66070, 'Iruya', 66),
(66077, 'La Caldera', 66),
(66084, 'La Candelaria', 66),
(66091, 'La Poma', 66),
(66098, 'La Viña', 66),
(66105, 'Los Andes', 66),
(66112, 'Metán', 66),
(66119, 'Molinos', 66),
(66126, 'Orán', 66),
(66133, 'Rivadavia', 66),
(66140, 'Rosario de la Frontera', 66),
(66147, 'Rosario de Lerma', 66),
(66154, 'San Carlos', 66),
(66161, 'Santa Victoria', 66),
(70007, 'Albardón', 70),
(70014, 'Angaco', 70),
(70021, 'Calingasta', 70),
(70028, 'Capital', 70),
(70035, 'Caucete', 70),
(70042, 'Chimbas', 70),
(70049, 'Iglesia', 70),
(70056, 'Jáchal', 70),
(70063, '9 de Julio', 70),
(70070, 'Pocito', 70),
(70077, 'Rawson', 70),
(70084, 'Rivadavia', 70),
(70091, 'San Martín', 70),
(70098, 'Santa Lucía', 70),
(70105, 'Sarmiento', 70),
(70112, 'Ullum', 70),
(70119, 'Valle Fértil', 70),
(70126, '25 de Mayo', 70),
(70133, 'Zonda', 70),
(74007, 'Ayacucho', 74),
(74014, 'Belgrano', 74),
(74021, 'Coronel Pringles', 74),
(74028, 'Chacabuco', 74),
(74035, 'General Pedernera', 74),
(74042, 'Gobernador Dupuy', 74),
(74049, 'Junín', 74),
(74056, 'Juan Martín de Pueyrredón', 74),
(74063, 'Libertador General San Martín', 74),
(78007, 'Corpen Aike', 78),
(78014, 'Deseado', 78),
(78021, 'Güer Aike', 78),
(78028, 'Lago Argentino', 78),
(78035, 'Lago Buenos Aires', 78),
(78042, 'Magallanes', 78),
(78049, 'Río Chico', 78),
(82007, 'Belgrano', 82),
(82014, 'Caseros', 82),
(82021, 'Castellanos', 82),
(82028, 'Villa Constitución', 82),
(82035, 'Garay', 82),
(82042, 'General López', 82),
(82049, 'General Obligado', 82),
(82056, 'Iriondo', 82),
(82063, 'La Capital', 82),
(82070, 'Las Colonias', 82),
(82077, '9 de Julio', 82),
(82084, 'Rosario', 82),
(82091, 'San Cristóbal', 82),
(82098, 'San Javier', 82),
(82105, 'San Jerónimo', 82),
(82112, 'San Justo', 82),
(82119, 'San Lorenzo', 82),
(82126, 'San Martín', 82),
(82133, 'Vera', 82),
(86007, 'Aguirre', 86),
(86014, 'Alberdi', 86),
(86021, 'Atamisqui', 86),
(86028, 'Avellaneda', 86),
(86035, 'Banda', 86),
(86042, 'Belgrano', 86),
(86049, 'Capital', 86),
(86056, 'Copo', 86),
(86063, 'Choya', 86),
(86070, 'Figueroa', 86),
(86077, 'General Taboada', 86),
(86084, 'Guasayán', 86),
(86091, 'Jiménez', 86),
(86098, 'Juan F. Ibarra', 86),
(86105, 'Loreto', 86),
(86112, 'Mitre', 86),
(86119, 'Moreno', 86),
(86126, 'Ojo de Agua', 86),
(86133, 'Pellegrini', 86),
(86140, 'Quebrachos', 86),
(86147, 'Río Hondo', 86),
(86154, 'Rivadavia', 86),
(86161, 'Robles', 86),
(86168, 'Salavina', 86),
(86175, 'San Martín', 86),
(86182, 'Sarmiento', 86),
(86189, 'Silípica', 86),
(90007, 'Burruyacú', 90),
(90014, 'Cruz Alta', 90),
(90021, 'Chicligasta', 90),
(90028, 'Famaillá', 90),
(90035, 'Graneros', 90),
(90042, 'Juan Bautista Alberdi', 90),
(90049, 'La Cocha', 90),
(90056, 'Leales', 90),
(90063, 'Lules', 90),
(90070, 'Monteros', 90),
(90077, 'Río Chico', 90),
(90084, 'Capital', 90),
(90091, 'Simoca', 90),
(90098, 'Tafí del Valle', 90),
(90105, 'Tafí Viejo', 90),
(90112, 'Trancas', 90),
(90119, 'Yerba Buena', 90),
(94008, 'Río Grande', 94),
(94011, 'Tolhuin', 94),
(94015, 'Ushuaia', 94),
(94021, 'Islas del Atlántico Sur', 94),
(94028, 'Antártida Argentina', 94);

INSERT INTO `Direccion` (
        `idCiudad`,
        `calle`,
        `numero`
    )
    VALUES 
    (94028,'Pinguino',111),
    (6049,'Lavalle',752),
    (82056,'Constanza',125),
    (86147,'Av. San Martin',1052),
    (6882,'Castelli',98),
    (6497,'Francia',128),
    (6497,'La Rioja',512),
    (6560,'Paysandú',96),
    (6560,'Independencia',456),
    (6364,'Liniers',789),
    (6364,'Rivadavia',963),
    (6364,'Rivadavia',963),
    (6364,'Rivadavia',963),
    (6364,'Rivadavia',963),
    (6364,'Rivadavia',963),
    (6364,'Rivadavia',963),
    (6364,'Rivadavia',963),
    (6364,'Rivadavia',963)
;

INSERT INTO `Roles` (`nombre`)
VALUES ('superAdmin'),
    ('Operador')
;

INSERT INTO `Permisos` (`nombre`)
VALUES ('alta usuario'),
    ('baja usuario'),
    ('modificar usuario'),
    ('visualizar usuario'),
    ('alta permisos'),
    ('baja permisos'),
    ('modificar permisos'),
    ('visualizar permisos'),
    ('alta roles'),
    ('baja roles'),
    ('modificar roles'),
    ('visualizar roles'),
    ('alta pedidos'),
    ('baja pedidos'),
    ('modificar pedidos'),
    ('visualizar pedidos'),
    ('alta tareas'),
    ('baja tareas'),
    ('modificar tareas'),
    ('visualizar tareas'),
    ('alta ot'),
    ('baja ot'),
    ('modificar ot'),
    ('visualizar ot'),
    ('alta sectores'),
    ('baja sectores'),
    ('modificar sectores'),
    ('visualizar sectores'),
    ('alta agentes'),
    ('baja agentes'),
    ('modificar agentes'),
    ('visualizar agentes'),
    ('alta especialidades'),
    ('baja especialidades'),
    ('modificar especialid'),
    ('visualizar especiali'),
    ('alta eventos'),
    ('baja eventos'),
    ('modificar eventos'),
    ('visualizar eventos'),
    ('alta insumos'),
    ('baja insumos'),
    ('modificar insumos'),
    ('visualizar insumos'),
    ('alta persona'),
    ('baja persona'),
    ('modificar persona'),
    ('visualizar persona'),
    ('alta oc'),
    ('baja oc'),
    ('modificar oc'),
    ('visualizar oc')
;

INSERT INTO `roles_x_permisos` (`idRol`, `idPermiso`) VALUES
(1, 1),
(1, 2),
(1, 3),
(1, 4),
(1, 5),
(1, 6),
(1, 7),
(1, 8),
(1, 9),
(1, 10),
(1, 11),
(1, 12),
(1, 13),
(1, 14),
(1, 15),
(1, 16),
(1, 17),
(1, 18),
(1, 19),
(1, 20),
(1, 21),
(1, 22),
(1, 23),
(1, 24),
(1, 25),
(1, 26),
(1, 27),
(1, 28),
(1, 29),
(1, 30),
(1, 31),
(1, 32),
(1, 33),
(1, 34),
(1, 35),
(1, 36),
(1, 37),
(1, 38),
(1, 39),
(1, 40),
(1, 41),
(1, 42),
(1, 43),
(1, 44),
(1, 45),
(1, 46),
(1, 47),
(1, 48),
(1, 49),
(1, 50),
(1, 51),
(1, 52),
(2, 13),
(2, 14),
(2, 15),
(2, 16),
(2, 17),
(2, 18),
(2, 19),
(2, 20),
(2, 21),
(2, 22),
(2, 23),
(2, 24),
(2, 37),
(2, 38),
(2, 39),
(2, 40),
(2, 41),
(2, 42),
(2, 43),
(2, 44),
(2, 49),
(2, 50),
(2, 51),
(2, 52);

INSERT INTO `estadospersona` (`id`, `nombre`) VALUES
(1, 'Activo'),
(2, 'Baja'),
(3, 'Licencia');

INSERT INTO `personas` (`id`, `nombre`, `apellido`, `idDireccion`, `fechaNacimiento`, `email`, `idEstadoPersona`) VALUES
(00000000,'superAdmin','superAdmin',1,'2000-01-01','pitta1881@gmail.com',1),
(10548951, 'Roque', 'Feller', 2, '1973-05-07', 'roquefeller@mail.com', 1),
(11188169, 'Adrian', 'Diaz', 3, '1971-02-10', 'adiaz@test.com', 1),
(13569841, 'Gabriel', 'Medina', 4, '1980-02-12', 'gabym@mail.com', 1),
(15896236, 'Pablo', 'Lampone', 5, '1986-06-10', 'plampone@mail.com', 1),
(16131891, 'Omar Lozano', 'Hernandez', 6, '1954-07-09', 'pontipak@me.com', 1),
(17145072, 'Blanca', 'Garcia', 7, '1995-11-17', 'brcia@test.com', 1),
(19917833, 'Francisco', 'Guerrero', 8, '1984-02-22', 'frrero@test.com', 1),
(22456368, 'Marcelo', 'Lombardo', 9, '1975-05-02', 'epopasu_1210@yopmail.com', 1),
(23658120, 'Mario', 'Santos', 10, '1982-11-10', 'marios@mail.com', 1),
(24205172, 'Diana', 'Moya', 11, '1999-11-30', 'wonderkid@gmail.com', 1),
(25174962, 'Susana', 'Gonsales', 12, '1991-01-15', 'sgonsales@mail.com', 1),
(26009360, 'Naia', 'Bosch', 13, '1990-07-12', 'pkilab@verizon.net', 1),
(26547123, 'Sandra', 'Perez', 14, '1977-11-23', 'sp@gmail.com', 1),
(26585543, 'Omar', 'Ramirez', 15, '1975-05-02', 'crowemojo@hotmail.com', 3),
(29651289, 'Emilio', 'Ravenna', 16, '1990-08-28', 'ravenae@mail.com', 1),
(32454949, 'Jose Manuel', 'Pascual', 17, '1975-01-03', 'heine@outlook.com', 1),
(39447859, 'Irene', 'Guerrero', 18, '1986-03-14', 'igrero@test.com', 1);
;

INSERT INTO `usuarios` (`id`, `nick`, `password`, `idPersona`) VALUES
(1, 'admin', 'admin', 0),
(2, 'pitta1881', '123', 11188169),
(3, 'mantenimiento', '1234', 10548951);

INSERT INTO `roles_x_usuarios` (`idRol`, `idUsuario`) VALUES
(1, 1),
(2, 2),
(2, 3);

INSERT INTO `TiposSector` (`nombre`)
VALUES ('HOSPITAL'),
    ('CASA COMUNITARIA'),
    ('CASA PARTICULAR')
;

INSERT INTO `especializaciones` (`id`, `nombre`) VALUES
(1, 'Plomeria'),
(2, 'Albanileria'),
(3, 'Pintureria'),
(4, 'Electricidad'),
(5, 'Mecanico'),
(6, 'Herreria'),
(7, 'Restauracion'),
(8, 'Carpinteria'),
(9, 'General'),
(10, 'Jardineria'),
(11, 'Cerrajeria');

INSERT INTO `estados` (`id`, `nombre`) VALUES
(1, 'Iniciado'),
(2, 'En Curso'),
(3, 'Pendiente'),
(4, 'Cancelado'),
(5, 'Finalizado'),
(6, 'Cumplido');

INSERT INTO `Prioridades` (`nombre`)
VALUES ('Baja'),
    ('Media'),
    ('Alta'),
    ('Urgente')
;

INSERT INTO `estadosordenesdecompra` (`id`, `nombre`) VALUES
(4, 'Cancelado'),
(3, 'Completo'),
(1, 'Iniciado'),
(2, 'Parcial'),
(5, 'Parcial Completo');

INSERT INTO `TiposOrdenesDeCompra` (`nombre`)
VALUES ('Orden De Compra'),
    ('Fondo Rotatorio'),
    ('Aprobacion de Presupuesto')
;

INSERT INTO `medidas` (`id`, `nombre`) VALUES
(1, 'Unid.'),
(2, 'gr'),
(3, 'kg'),
(4, 'mm'),
(5, 'm'),
(6, 'ml'),
(7, 'lt'),
(8, 'mm3'),
(9, 'cm3'),
(10, 'm3');

INSERT INTO `insumos` (`id`, `nombre`, `descripcion`, `stockReal`, `stockComprometido`, `stockFuturo`, `stockMinimo`, `idMedida`) VALUES
(1, 'tornillo', 'cruz chico', 10, 0, 3, 80, 1),
(2, 'tornillo', 'cruz mediano', 200, 0, 3, 80, 1),
(3, 'tornillo', 'cruz largo', 17, 0, 0, 80, 1),
(4, 'tornillo', 'liso chico', 200, 0, 0, 80, 1),
(5, 'tornillo', 'liso mediano', 340, 0, 0, 80, 1),
(6, 'tornillo', 'liso largo', 45, 0, 0, 80, 1),
(7, 'clavo', 'madero corto', 450, 91, 4, 100, 1),
(8, 'clavo', 'madero mediano', 60, 1, 0, 100, 1),
(9, 'clavo', 'madero largo', 50, 0, 5, 100, 1),
(10, 'clavo', 'chapa corto', 150, 9, 0, 100, 1),
(11, 'clavo', 'chapa mediano', 25, 25, 2, 100, 1),
(12, 'clavo', 'chapa largo', 25, 0, 0, 100, 1),
(13, 'tuerca', 'chica', 150, 0, 0, 200, 1),
(14, 'tuerca', 'mediana', 250, 0, 0, 200, 1),
(15, 'tuerca', 'grande', 0, 0, 0, 200, 1),
(16, 'fisher', 'chico', 0, 0, 61, 50, 1),
(17, 'fisher', 'mediano', 12, 0, 0, 50, 1),
(18, 'fisher', 'grande', 321, 0, 0, 50, 1),
(19, 'codo', '24cm', 50, 0, 0, 20, 1),
(20, 'codo', 'en T 12cm', 20, 0, 0, 20, 1),
(21, 'codo', 'en L 5cm', 44, 0, 0, 20, 1),
(22, 'Lampara Led', '40w caliente', 5, 0, 0, 5, 1),
(23, 'Lampara Led', '40w fria', 10, 0, 0, 5, 1),
(24, 'Lampara Led', '5w caliente', 2, 0, 0, 5, 1),
(25, 'Lampara Led', '5w fria', 8, 0, 2, 5, 1)
;

INSERT INTO `agentes` (`id`, `idPersona`, `tareasActuales`) VALUES
(1, 26585543, 0),
(2, 39447859, 0),
(3, 17145072, 2),
(4, 16131891, 1),
(5, 22456368, 1),
(6, 19917833, 1),
(7, 24205172, 0),
(8, 26547123, 0),
(9, 29651289, 0),
(10, 13569841, 0),
(11, 25174962, 0);

INSERT INTO `especializaciones_x_agentes` (`idEspecializacion`, `idAgente`) VALUES
(1, 1),
(1, 7),
(1, 9),
(2, 4),
(2, 5),
(2, 6),
(2, 7),
(2, 9),
(3, 1),
(3, 2),
(3, 3),
(3, 4),
(3, 10),
(4, 1),
(4, 6),
(4, 9),
(5, 2),
(5, 3),
(6, 4),
(6, 6),
(6, 11),
(7, 2),
(7, 3),
(7, 5),
(7, 8),
(7, 10),
(7, 11),
(8, 4),
(8, 5),
(8, 6),
(8, 10),
(9, 1),
(9, 3),
(9, 7),
(9, 8),
(9, 9),
(9, 10),
(9, 11),
(10, 8),
(10, 11),
(11, 1),
(11, 2);

INSERT INTO `sectores` (`id`, `nombre`, `responsable`, `telefono`, `email`, `idTipoSector`) VALUES
(7, 'Infraestructura', 'Pablo', '196', 'infraestructura@mail.com', 1),
(11, 'Equipamiento Medico', 'Marcela', '200', NULL, 1),
(20, 'COORDINACION DE ASUNTOS JURIDI', 'Dra Soledad Celeste VELAZQUEZ', '101', 'asuntosjuridicos@sommer.com.ar', 1),
(21, 'COORDINACION TEC ADMINISTRATIV', 'Sra Sandra Marcela CAMIO', '102', 'tecamdin@sommer.com.ar', 1),
(22, 'COORDINACION DE RECURSOS HUMAN', 'Dra Paula del Carmen SANTANA', '103', 'rrhh@sommer.com.ar', 1),
(23, 'COORDINACION DE LOGISTICA', 'Dra Lidia Elina AUTIERO', '104', 'logistica@sommer.com.ar', 1),
(24, 'DPTO DE CONTABILIDAD', 'CPN Monica BELLAGAMBA', '106', 'contabilidad@sommer.com.ar', 1),
(25, 'DPTO DE ENFERMERIA', 'LiC Hector SANTA CRUZ', '201', 'enfermeria@sommer.com.ar', 1),
(26, 'DPTO DE SERVICIO SOCIAL', 'Lic Monica Griselda PESTANA', '203', 'serviciosocial@sommer.com.ar', 1),
(27, 'DPTO DE ESTADISTICA', 'Sra Elena REY', '204', 'destadistica@sommer.com.ar', 1),
(28, 'SERVICIO DE DIAGNOSTICO', 'Lic Maria de los Angeles SCAGL', '401', 'sdiagnostico@sommer.com.ar', 1),
(29, 'SERVICIO DE DIAG POR IMAGENES', 'Lic Maria de los Angeles SCAGL', '404', 'sdiagnosticoimagen@sommer.com.', 1),
(30, 'DPTO DE FARMACIA', 'Farm Florencia BALDUNCIEL', '600', 'farmaciasommer@sommer.com.ar', 1),
(31, 'SERVICIO DE REHABILITACION', 'Dra Silvina Marisa TOUTAIN', '701', 'srehabilitacion@sommer.com.ar', 1),
(32, 'SERVICIO DE ESPECIALIDADES CLI', 'Dr Javier Damian QUIROGA', '802', 'sespecialidades@sommer.com.ar', 1),
(33, 'SERVICIO DE AREA PROGR Y AT PR', 'Dra Alicia Barbara SZYBISZ', '802', 'atencionprimaria@sommer.com.ar', 1),
(34, 'SERVICIO DE EMERG', 'Dra Marisol RODRIGUEZ', '911', 'semergencias@sommer.com.ar', 1),
(35, 'SERVICIO DE ESPEC QUIRURGICAS', 'Dra Stella Maris PEREZ', '805', 'sespecquirurgicas@sommer.com.a', 1),
(36, 'CASA PARTICULAR 1', 'Carlos Garcia', '412857', '', 3),
(37, 'CASA PARTICULAR 2', 'Graciela Lopez', '421856', '', 3),
(38, 'CASA PARTICULAR 3', 'Fabiana Robles', '421884', '', 3),
(39, 'CASA PARTICULAR 4', 'Roberto Fuentes', '421741', '', 3),
(40, 'CASA PARTICULAR 5', 'Alberto Leiva', '421965', '', 3),
(41, 'PABELLON 1', 'Victor Loza', '', '', 1),
(42, 'PABELLON 2', 'Fernando Barros', '', '', 1),
(43, 'PABELLON 3', 'Leonel Saurez', '', '', 1),
(44, 'PABELLON 4', 'Carlos Gomez', '', '', 1),
(45, 'PABELLON 5', 'Omar Paredes', '', '', 1);


INSERT INTO `pedidos` (`id`, `descripcion`, `fechaInicio`, `fechaFin`, `idUsuario`, `idEstado`, `idSector`, `idPrioridad`) VALUES
(1, 'test 1 pedidos', '2021-08-05 18:15:35', NULL, 1, 2, 11, 2),
(2, 'reparar vidrios', '2021-03-05 18:19:00', NULL, 1, 2, 7, 3),
(3, 'Acondicionar casa particular para nuevos pacientes', '2021-08-11 20:39:57', NULL, 1, 1, 36, 2),
(4, 'Acondicionar sala de diagnostico\r\n', '2021-08-11 20:46:04', NULL, 1, 1, 29, 3),
(5, 'Problemas con el techo en la oficina, se llueve en varios puntos\r\n', '2021-08-11 20:50:49', NULL, 1, 1, 24, 2),
(6, 'busncar en la enfermera\r\nd', '2021-08-11 20:51:51', '2021-08-11 20:52:32', 1, 4, 25, 2),
(7, 'Se necesita instalar un sistema de ventilacion para el invierno/verano', '2021-08-11 21:07:29', NULL, 1, 1, 37, 2),
(8, 'Verificar estado de las camilla utilizadas por los pacientes', '2021-08-11 21:12:11', NULL, 1, 1, 31, 2),
(9, 'Se necesita arreglar los gabinetes de enfermeria, las puertas no cierran. Verificar lugar de guardado', '2021-08-12 12:15:53', NULL, 3, 1, 25, 2),
(10, 'Remodelar sala de espera de la guardia. Sillas en mal estado', '2021-08-12 12:30:20', NULL, 3, 1, 34, 2);

INSERT INTO `ordenesdetrabajo` (`id`, `fechaInicio`, `fechaFin`, `idEstado`, `idUsuario`) VALUES
(1, '2021-08-05 18:21:03', NULL, 2, 1);

INSERT INTO `tareas` (`id`, `fechaInicio`, `fechaFin`, `descripcion`, `idPedido`, `idOrdenDeTrabajo`, `idUsuario`, `idEspecializacion`, `idEstado`, `idPrioridad`) VALUES
(1, '2021-08-05 18:15:52', NULL, 'test tarea 1', 1, NULL, 1, 3, 1, 2),
(1, '2021-08-05 18:20:34', NULL, 'asd sad wa', 2, 1, 1, 4, 2, 2),
(1, '2021-08-11 20:41:05', NULL, 'Revisar estado general del techo', 3, NULL, 1, 9, 1, 2),
(1, '2021-08-11 20:48:20', NULL, 'Cambiar ceramicas rotas del piso ', 4, NULL, 1, 2, 1, 1),
(1, '2021-08-11 20:55:28', NULL, 'Quitar parte de la chapa del techo y revestimiento interior', 5, NULL, 1, 2, 1, 1),
(1, '2021-08-11 21:08:50', NULL, 'Crear espacio en la pared para instalar un aire acondicionado frio/calor', 7, NULL, 1, 2, 1, 2),
(1, '2021-08-12 12:21:00', NULL, 'Fabricar y colocar 2 puertas de los gabinetes ', 9, NULL, 3, 8, 1, 2),
(1, '2021-08-12 12:31:01', NULL, 'Quitar del suelo las silla de la sala de espera', 10, NULL, 3, 9, 1, 2),
(2, '2021-08-05 18:16:01', NULL, 'test tarea 2', 1, 1, 1, 7, 2, 3),
(2, '2021-08-11 20:41:50', NULL, 'Revisar estado del revoque y humedad de la pared', 3, NULL, 1, 2, 1, 2),
(2, '2021-08-11 20:49:17', NULL, 'Repintar pared de la sala de rayos', 4, NULL, 1, 3, 1, 1),
(2, '2021-08-11 20:56:19', NULL, 'Cambiar y construir tirantes', 5, NULL, 1, 8, 1, 2),
(2, '2021-08-11 21:09:46', NULL, 'Instalar enchufe en la pared para conectar el a/c', 7, NULL, 1, 4, 1, 2),
(2, '2021-08-12 12:21:39', NULL, 'Cambiar cerradura de los gabinetes, se perdieron algunas llaves', 9, NULL, 3, 11, 1, 2),
(2, '2021-08-12 12:31:31', NULL, 'Colocar silla nuevas ', 10, NULL, 3, 2, 1, 2),
(3, '2021-08-11 20:42:39', NULL, 'Arreglar ventada de la cocina', 3, NULL, 1, 8, 1, 2),
(3, '2021-08-11 20:49:51', NULL, 'Reparar tomografo', 4, NULL, 1, 5, 1, 4),
(3, '2021-08-11 20:57:39', NULL, 'Colocar chapas y recubrir el interior', 5, NULL, 1, 2, 1, 2),
(3, '2021-08-11 21:10:26', NULL, 'Realizar la instalacion del aire acondicionado\r\n', 7, NULL, 1, 1, 1, 2),
(3, '2021-08-12 12:33:04', NULL, 'Cambiar ceramicos que se rompieron cuando se cambiaron las sillas', 10, NULL, 3, 2, 1, 2),
(4, '2021-08-11 20:43:48', NULL, 'Cambiar instalación electrica del baño.', 3, NULL, 1, 4, 1, 3),
(4, '2021-08-11 21:11:04', NULL, 'Realizar pruebas de funcionamiento del aire acondicionado', 7, NULL, 1, 9, 1, 2);

INSERT INTO `agentes_x_tareas` (`idTarea`, `idPedido`, `idAgente`) VALUES
(1, 1, 3),
(1, 1, 4),
(1, 2, 6),
(2, 1, 3),
(2, 1, 5);

INSERT INTO `ordenesdecompra` (`id`, `costoEstimado`, `costoFinal`, `fechaInicio`, `fechaFin`, `idEstadoOC`, `idUsuario`, `idTipoOrdenDeCompra`) VALUES
(1, 123123, NULL, '2021-08-05 18:15:12', NULL, 2, 1, 2),
(2, 19000, NULL, '2021-08-09 08:45:50', NULL, 1, 1, 1),
(3, 100, NULL, '2021-08-13 23:33:07', NULL, 1, 1, 3);

INSERT INTO `eventos` (`id`, `idEstado`, `nombre`, `descripcion`, `fechaInicio`, `fechaFin`, `periodicidad`) VALUES
(1, 3, 'Revisar lamparitas', 'Revisar lamparitas de los pabellones', '2021-08-06', '2021-09-05', 30),
(2, 3, 'Rellenar dispenser de alcohol ', 'Rellenar dispenser de alcohol en gel', '2021-08-05', '2021-08-15', 10),
(3, 3, 'Empieza el verano', 'Cada primero de diciembre se realiza la verificacion de los ventiladores, aires acondicionados y sistemas de ventilacion. ', '2021-12-01', '2022-12-01', 365),
(4, 3, 'Cambio de Matafuegos', 'Realizar el cambio de todos los matafuegos del hospital\r\n', '2021-08-31', '2022-08-31', 365),
(5, 3, 'Rellenar bidones de agua de lo', 'Rellenar bidones de agua de los pabellones', '2021-08-12', '2021-08-27', 15);

INSERT INTO `historialinsumo` (`id`, `idInsumo`, `fecha`, `idUsuario`, `oldStock`, `newStock`, `inOrOut`, `idOC`, `idTarea`, `idPedido`) VALUES
(1, 3, '2021-08-13 23:43:31', 1, 15, 17, 1, 1, NULL, NULL),
(1, 8, '2021-08-13 23:43:31', 1, 55, 60, 1, 1, NULL, NULL);

INSERT INTO `historialpedido` (`id`, `idPedido`, `fecha`, `idUsuario`, `idEstado`, `idSector`, `idPrioridad`, `descripcion`, `observacion`) VALUES
(1, 1, '2021-08-05 18:15:35', 1, 1, 11, 2, 'test 1 pedidos', 'Pedido Creado'),
(1, 2, '2021-08-05 18:19:00', 1, 1, 11, 3, 'as das dsak', 'Pedido Creado'),
(1, 3, '2021-08-11 20:39:57', 1, 1, 36, 2, 'Acondicionar casa particular para nuevos pacientes', 'Pedido Creado'),
(1, 4, '2021-08-11 20:46:04', 1, 1, 29, 3, 'Acondicionar sala de diagnostico\r\n', 'Pedido Creado'),
(1, 5, '2021-08-11 20:50:49', 1, 1, 24, 2, 'Problemas con el techo en la oficina, se llueve en varios puntos\r\n', 'Pedido Creado'),
(1, 6, '2021-08-11 20:51:51', 1, 1, 25, 2, 'busncar en la enfermera\r\nd', 'Pedido Creado'),
(1, 7, '2021-08-11 21:07:29', 1, 1, 37, 2, 'Se necesita instalar un sistema de ventilacion para el invierno/verano', 'Pedido Creado'),
(1, 8, '2021-08-11 21:12:11', 1, 1, 31, 2, 'Verificar estado de las camilla utilizadas por los pacientes', 'Pedido Creado'),
(1, 9, '2021-08-12 12:15:53', 3, 1, 25, 2, 'Se necesita arreglar los gabinetes de enfermeria, las puertas no cierran. Verificar lugar de guardado', 'Pedido Creado'),
(1, 10, '2021-08-12 12:30:20', 3, 1, 34, 2, 'Remodelar sala de espera de la guardia. Sillas en mal estado', 'Pedido Creado'),
(2, 1, '2021-08-05 18:15:52', 1, 1, 11, 2, 'test 1 pedidos', 'Tarea Creada > test tarea 1'),
(2, 2, '2021-08-05 18:20:34', 1, 1, 11, 3, 'as das dsak', 'Tarea Creada > asd sad wa'),
(2, 3, '2021-08-11 20:41:05', 1, 1, 36, 2, 'Acondicionar casa particular para nuevos pacientes', 'Tarea Creada > Revisar estado general del techo'),
(2, 4, '2021-08-11 20:48:20', 1, 1, 29, 3, 'Acondicionar sala de diagnostico\r\n', 'Tarea Creada > Cambiar ceramicas rotas del piso '),
(2, 5, '2021-08-11 20:55:28', 1, 1, 24, 2, 'Problemas con el techo en la oficina, se llueve en varios puntos\r\n', 'Tarea Creada > Quitar parte de la chapa del techo y revestimiento interior'),
(2, 6, '2021-08-11 20:52:32', 1, 4, NULL, NULL, NULL, 'Pedido Cancelado > Pedido no autorizado. No esta bien descripta la necesidad\r\n'),
(2, 7, '2021-08-11 21:08:50', 1, 1, 37, 2, 'Se necesita instalar un sistema de ventilacion para el invierno/verano', 'Tarea Creada > Crear espacio en la pared para instalar un aire acondicionado frio/calor'),
(2, 9, '2021-08-12 12:21:00', 3, 1, 25, 2, 'Se necesita arreglar los gabinetes de enfermeria, las puertas no cierran. Verificar lugar de guardado', 'Tarea Creada > Fabricar y colocar 2 puertas de los gabinetes '),
(2, 10, '2021-08-12 12:31:01', 3, 1, 34, 2, 'Remodelar sala de espera de la guardia. Sillas en mal estado', 'Tarea Creada > Quitar del suelo las silla de la sala de espera'),
(3, 1, '2021-08-05 18:16:01', 1, 1, 11, 2, 'test 1 pedidos', 'Tarea Creada > test tarea 2'),
(3, 2, '2021-08-05 18:21:03', 1, 2, NULL, NULL, NULL, 'La Tarea Nº 1 se agregó a la OT Nº 1'),
(3, 3, '2021-08-11 20:41:50', 1, 1, 36, 2, 'Acondicionar casa particular para nuevos pacientes', 'Tarea Creada > Revisar estado del revoque y humedad de la pared'),
(3, 4, '2021-08-11 20:49:17', 1, 1, 29, 3, 'Acondicionar sala de diagnostico\r\n', 'Tarea Creada > Repintar pared de la sala de rayos'),
(3, 5, '2021-08-11 20:56:19', 1, 1, 24, 2, 'Problemas con el techo en la oficina, se llueve en varios puntos\r\n', 'Tarea Creada > Cambiar y construir tirantes'),
(3, 7, '2021-08-11 21:09:46', 1, 1, 37, 2, 'Se necesita instalar un sistema de ventilacion para el invierno/verano', 'Tarea Creada > Instalar enchufe en la pared para conectar el a/c'),
(3, 9, '2021-08-12 12:21:39', 3, 1, 25, 2, 'Se necesita arreglar los gabinetes de enfermeria, las puertas no cierran. Verificar lugar de guardado', 'Tarea Creada > Cambiar cerradura de los gabinetes, se perdieron algunas llaves'),
(3, 10, '2021-08-12 12:31:31', 3, 1, 34, 2, 'Remodelar sala de espera de la guardia. Sillas en mal estado', 'Tarea Creada > Colocar silla nuevas '),
(4, 1, '2021-08-05 18:21:03', 1, 2, NULL, NULL, NULL, 'La Tarea Nº 2 se agregó a la OT Nº 1'),
(4, 2, '2021-08-05 18:30:24', 1, 2, 7, 3, 'as das dsak', 'Pedido Modificado'),
(4, 3, '2021-08-11 20:42:39', 1, 1, 36, 2, 'Acondicionar casa particular para nuevos pacientes', 'Tarea Creada > Arreglar ventada de la cocina'),
(4, 4, '2021-08-11 20:49:51', 1, 1, 29, 3, 'Acondicionar sala de diagnostico\r\n', 'Tarea Creada > Reparar tomografo'),
(4, 5, '2021-08-11 20:57:39', 1, 1, 24, 2, 'Problemas con el techo en la oficina, se llueve en varios puntos\r\n', 'Tarea Creada > Colocar chapas y recubrir el interior'),
(4, 7, '2021-08-11 21:10:26', 1, 1, 37, 2, 'Se necesita instalar un sistema de ventilacion para el invierno/verano', 'Tarea Creada > Realizar la instalacion del aire acondicionado\r\n'),
(4, 10, '2021-08-12 12:33:04', 3, 1, 34, 2, 'Remodelar sala de espera de la guardia. Sillas en mal estado', 'Tarea Creada > Cambiar ceramicos que se rompieron cuando se cambiaron las sillas'),
(5, 2, '2021-08-12 17:51:55', 1, 2, 7, 3, 'reparar vidrios', 'Pedido Modificado'),
(5, 3, '2021-08-11 20:43:48', 1, 1, 36, 2, 'Acondicionar casa particular para nuevos pacientes', 'Tarea Creada > Cambiar instalación electrica del baño.'),
(5, 7, '2021-08-11 21:11:04', 1, 1, 37, 2, 'Se necesita instalar un sistema de ventilacion para el invierno/verano', 'Tarea Creada > Realizar pruebas de funcionamiento del aire acondicionado'),
(6, 2, '2021-08-12 17:51:55', 1, 2, 7, 3, 'reparar vidrios', 'Pedido Modificado');

INSERT INTO `historialtarea` (`id`, `idTarea`, `idPedido`, `fecha`, `idUsuario`, `idEstado`, `idPrioridad`, `idEspecializacion`, `descripcion`, `observacion`) VALUES
(1, 1, 1, '2021-08-05 18:15:52', 1, 1, 2, 3, 'test tarea 1', 'Tarea Creada'),
(1, 2, 1, '2021-08-05 18:16:01', 1, 1, 3, 7, 'test tarea 2', 'Tarea Creada'),
(1, 1, 2, '2021-08-05 18:20:34', 1, 1, 2, 4, 'asd sad wa', 'Tarea Creada'),
(1, 1, 3, '2021-08-11 20:41:05', 1, 1, 2, 9, 'Revisar estado general del techo', 'Tarea Creada'),
(1, 2, 3, '2021-08-11 20:41:50', 1, 1, 2, 2, 'Revisar estado del revoque y humedad de la pared', 'Tarea Creada'),
(1, 3, 3, '2021-08-11 20:42:39', 1, 1, 2, 8, 'Arreglar ventada de la cocina', 'Tarea Creada'),
(1, 4, 3, '2021-08-11 20:43:48', 1, 1, 3, 4, 'Cambiar instalación electrica del baño.', 'Tarea Creada'),
(1, 1, 4, '2021-08-11 20:48:20', 1, 1, 1, 2, 'Cambiar ceramicas rotas del piso ', 'Tarea Creada'),
(1, 2, 4, '2021-08-11 20:49:17', 1, 1, 1, 3, 'Repintar pared de la sala de rayos', 'Tarea Creada'),
(1, 3, 4, '2021-08-11 20:49:51', 1, 1, 4, 5, 'Reparar tomografo', 'Tarea Creada'),
(1, 1, 5, '2021-08-11 20:55:28', 1, 1, 1, 2, 'Quitar parte de la chapa del techo y revestimiento interior', 'Tarea Creada'),
(1, 2, 5, '2021-08-11 20:56:19', 1, 1, 2, 8, 'Cambiar y construir tirantes', 'Tarea Creada'),
(1, 3, 5, '2021-08-11 20:57:39', 1, 1, 2, 2, 'Colocar chapas y recubrir el interior', 'Tarea Creada'),
(1, 1, 7, '2021-08-11 21:08:50', 1, 1, 2, 2, 'Crear espacio en la pared para instalar un aire acondicionado frio/calor', 'Tarea Creada'),
(1, 2, 7, '2021-08-11 21:09:46', 1, 1, 2, 4, 'Instalar enchufe en la pared para conectar el a/c', 'Tarea Creada'),
(1, 3, 7, '2021-08-11 21:10:26', 1, 1, 2, 1, 'Realizar la instalacion del aire acondicionado\r\n', 'Tarea Creada'),
(1, 4, 7, '2021-08-11 21:11:04', 1, 1, 2, 9, 'Realizar pruebas de funcionamiento del aire acondicionado', 'Tarea Creada'),
(1, 1, 9, '2021-08-12 12:21:00', 3, 1, 2, 8, 'Fabricar y colocar 2 puertas de los gabinetes ', 'Tarea Creada'),
(1, 2, 9, '2021-08-12 12:21:39', 3, 1, 2, 11, 'Cambiar cerradura de los gabinetes, se perdieron algunas llaves', 'Tarea Creada'),
(1, 1, 10, '2021-08-12 12:31:01', 3, 1, 2, 9, 'Quitar del suelo las silla de la sala de espera', 'Tarea Creada'),
(1, 2, 10, '2021-08-12 12:31:31', 3, 1, 2, 2, 'Colocar silla nuevas ', 'Tarea Creada'),
(1, 3, 10, '2021-08-12 12:33:04', 3, 1, 2, 2, 'Cambiar ceramicos que se rompieron cuando se cambiaron las sillas', 'Tarea Creada'),
(2, 2, 1, '2021-08-05 18:21:03', 1, 2, NULL, NULL, NULL, 'Tarea Asignada a la OT Nº 1'),
(2, 1, 2, '2021-08-05 18:21:03', 1, 2, NULL, NULL, NULL, 'Tarea Asignada a la OT Nº 1');

INSERT INTO `insumos_x_oc` (`idInsumo`, `idOC`, `cantidadPedida`, `cantidadRecibida`, `idEstado`) VALUES
(1, 2, 3, 0, 1),
(2, 1, 3, 0, 1),
(3, 1, 2, 2, 3),
(7, 2, 4, 0, 1),
(8, 1, 5, 5, 3),
(9, 2, 5, 0, 1),
(11, 1, 2, 0, 1),
(16, 3, 61, 0, 1),
(25, 2, 2, 0, 1);

INSERT INTO `insumos_x_tareas` (`idInsumo`, `idPedido`, `idTarea`, `fecha`, `cantidad`) VALUES
(7, 1, 1, '2021-08-12 18:09:53', 91),
(8, 2, 1, '2021-08-05 18:20:44', 1),
(10, 1, 2, '2021-08-05 18:20:51', 4),
(10, 2, 1, '2021-08-05 18:20:44', 5),
(11, 1, 1, '2021-08-12 18:09:53', 25);